"Language","original","english","czech","german","russian","polish","hungarian","italian","spanish","french","chinese","japanese","portuguese","chinesesimp",
"STR_LLGMED_PILL_ANALGIN_DESC","<color rgba='222,226,230,255'>ANALGIN (METAMIZOLE) 500 MG · ORAL TABLET</color><br/>TAKE 1 TABLET BY MOUTH FOR MILD TO MODERATE PAIN.<br/><color rgba='150,155,160,255'>NOTE: Short acting. Wears off quickly under stress.</color>","<color rgba='222,226,230,255'>ANALGIN (METAMIZOLE) 500 MG · ORAL TABLET</color><br/>TAKE 1 TABLET BY MOUTH FOR MILD TO MODERATE PAIN.<br/><color rgba='150,155,160,255'>NOTE: Short acting. Wears off quickly under stress.</color>","","","","","","","","","","","","",
"STR_LLGMED_PILL_NIMESULID_DESC","<color rgba='222,226,230,255'>NIMESULIDE 100 MG · ORAL TABLET</color><br/>TAKE 1 TABLET BY MOUTH FOR PAIN AND SWELLING.<br/><color rgba='240,173,78,255'>CAUTION: Take with food. May irritate the stomach.</color>","<color rgba='222,226,230,255'>NIMESULIDE 100 MG · ORAL TABLET</color><br/>TAKE 1 TABLET BY MOUTH FOR PAIN AND SWELLING.<br/><color rgba='240,173,78,255'>CAUTION: Take with food. May irritate the stomach.</color>","","","","","","","","","","","","",
"STR_LLGMED_PILL_PARACETAMOL_DESC","<color rgba='222,226,230,255'>PARACETAMOL 500 MG · ORAL TABLET</color><br/>TAKE 1 TABLET BY MOUTH FOR PAIN, FEVER AND EARLY COLD SYMPTOMS.<br/><color rgba='240,173,78,255'>CAUTION: Liver damage occurs above the labelled dose.</color>","<color rgba='222,226,230,255'>PARACETAMOL 500 MG · ORAL TABLET</color><br/>TAKE 1 TABLET BY MOUTH FOR PAIN, FEVER AND EARLY COLD SYMPTOMS.<br/><color rgba='240,173,78,255'>CAUTION: Liver damage occurs above the labelled dose.</color>","","","","","","","","","","","","",
"STR_LLGMED_PILL_IBUPROFEN_DESC","<color rgba='222,226,230,255'>IBUPROFEN 400 MG · ORAL CAPSULE</color><br/>TAKE 1 CAPSULE BY MOUTH FOR PAIN AND CHEST INFECTION.<br/><color rgba='240,173,78,255'>CAUTION: Take with food. May irritate the stomach.</color>","<color rgba='222,226,230,255'>IBUPROFEN 400 MG · ORAL CAPSULE</color><br/>TAKE 1 CAPSULE BY MOUTH FOR PAIN AND CHEST INFECTION.<br/><color rgba='240,173,78,255'>CAUTION: Take with food. May irritate the stomach.</color>","","","","","","","","","","","","",
"STR_LLGMED_PILL_NUROFEN_DESC","<color rgba='222,226,230,255'>NUROFEN (IBUPROFEN LYSINE) 512 MG · ORAL TABLET</color><br/>TAKE 1 TABLET BY MOUTH FOR FEVER AND CHEST INFECTION.<br/><color rgba='240,173,78,255'>WARNING: Fast acting and easy to overdose. One tablet per dose.</color>","<color rgba='222,226,230,255'>NUROFEN (IBUPROFEN LYSINE) 512 MG · ORAL TABLET</color><br/>TAKE 1 TABLET BY MOUTH FOR FEVER AND CHEST INFECTION.<br/><color rgba='240,173,78,255'>WARNING: Fast acting and easy to overdose. One tablet per dose.</color>","","","","","","","","","","","","",
"STR_LLGMED_PILL_AMOXICLAV_DESC","<color rgba='222,226,230,255'>AMOXICILLIN / CLAVULANATE 875 MG · ORAL TABLET · RX ONLY</color><br/>TAKE 1 TABLET BY MOUTH FOR RESPIRATORY INFECTION.<br/><color rgba='240,173,78,255'>WARNING: Full-strength antibiotic. Space doses well apart.</color>","<color rgba='222,226,230,255'>AMOXICILLIN / CLAVULANATE 875 MG · ORAL TABLET · RX ONLY</color><br/>TAKE 1 TABLET BY MOUTH FOR RESPIRATORY INFECTION.<br/><color rgba='240,173,78,255'>WARNING: Full-strength antibiotic. Space doses well apart.</color>","","","","","","","","","","","","",
"STR_LLGMED_PILL_PIPERACYLIN_DESC","<color rgba='222,226,230,255'>PIPERACILLIN 500 MG · ORAL TABLET · RX ONLY</color><br/>TAKE 1 TABLET BY MOUTH FOR RESPIRATORY INFECTION.<br/><color rgba='240,173,78,255'>CAUTION: Finish the course. Never double a missed dose.</color>","<color rgba='222,226,230,255'>PIPERACILLIN 500 MG · ORAL TABLET · RX ONLY</color><br/>TAKE 1 TABLET BY MOUTH FOR RESPIRATORY INFECTION.<br/><color rgba='240,173,78,255'>CAUTION: Finish the course. Never double a missed dose.</color>","","","","","","","","","","","","",
"STR_LLGMED_PILL_AMIBAKTAM_DESC","<color rgba='222,226,230,255'>AMIBACTAM 250 MG · ORAL TABLET</color><br/>TAKE 1 TABLET BY MOUTH AT THE FIRST SIGN OF A COLD.<br/><color rgba='150,155,160,255'>NOTE: Weak and very short acting. Not for pneumonia.</color>","<color rgba='222,226,230,255'>AMIBACTAM 250 MG · ORAL TABLET</color><br/>TAKE 1 TABLET BY MOUTH AT THE FIRST SIGN OF A COLD.<br/><color rgba='150,155,160,255'>NOTE: Weak and very short acting. Not for pneumonia.</color>","","","","","","","","","","","","",
"STR_LLGMED_PILL_POLISORB_DESC","<color rgba='222,226,230,255'>POLYSORB (SILICON DIOXIDE) 3 G · ORAL TABLET</color><br/>TAKE 1 TABLET BY MOUTH FOR NAUSEA AND MILD FOOD POISONING.<br/><color rgba='150,155,160,255'>NOTE: Drink plenty of water with each dose.</color>","<color rgba='222,226,230,255'>POLYSORB (SILICON DIOXIDE) 3 G · ORAL TABLET</color><br/>TAKE 1 TABLET BY MOUTH FOR NAUSEA AND MILD FOOD POISONING.<br/><color rgba='150,155,160,255'>NOTE: Drink plenty of water with each dose.</color>","","","","","","","","","","","","",
"STR_LLGMED_PILL_FTALAZOL_DESC","<color rgba='222,226,230,255'>PHTHALYLSULFATHIAZOLE 500 MG · ORAL TABLET</color><br/>TAKE 1 TABLET BY MOUTH FOR PERSISTENT FOOD POISONING.<br/><color rgba='240,173,78,255'>CAUTION: Long acting. Wait before taking another.</color>","<color rgba='222,226,230,255'>PHTHALYLSULFATHIAZOLE 500 MG · ORAL TABLET</color><br/>TAKE 1 TABLET BY MOUTH FOR PERSISTENT FOOD POISONING.<br/><color rgba='240,173,78,255'>CAUTION: Long acting. Wait before taking another.</color>","","","","","","","","","","","","",
"STR_LLGMED_PILL_MESALAZIN_DESC","<color rgba='222,226,230,255'>MESALAZINE 800 MG · ORAL TABLET · RX ONLY</color><br/>TAKE 1 TABLET BY MOUTH FOR SEVERE FOOD POISONING.<br/><color rgba='240,173,78,255'>CAUTION: Do not combine with other gut medication.</color>","<color rgba='222,226,230,255'>MESALAZINE 800 MG · ORAL TABLET · RX ONLY</color><br/>TAKE 1 TABLET BY MOUTH FOR SEVERE FOOD POISONING.<br/><color rgba='240,173,78,255'>CAUTION: Do not combine with other gut medication.</color>","","","","","","","","","","","","",
"STR_LLGMED_PILL_NOOPEPT_DESC","<color rgba='222,226,230,255'>NOOPEPT 10 MG · ORAL TABLET · RX ONLY</color><br/>TAKE 1 TABLET BY MOUTH FOR HEADACHE AND CONCUSSION.<br/><color rgba='240,173,78,255'>CAUTION: May cause irritability and disturbed sleep.</color>","<color rgba='222,226,230,255'>NOOPEPT 10 MG · ORAL TABLET · RX ONLY</color><br/>TAKE 1 TABLET BY MOUTH FOR HEADACHE AND CONCUSSION.<br/><color rgba='240,173,78,255'>CAUTION: May cause irritability and disturbed sleep.</color>","","","","","","","","","","","","",
"STR_LLGMED_PILL_VIKASOL_DESC","<color rgba='222,226,230,255'>VIKASOL (VITAMIN K3) 15 MG · ORAL TABLET</color><br/>TAKE 1 TABLET BY MOUTH TO SLOW BLOOD LOSS.<br/><color rgba='150,155,160,255'>NOTE: Does not replace a bandage or tourniquet.</color>","<color rgba='222,226,230,255'>VIKASOL (VITAMIN K3) 15 MG · ORAL TABLET</color><br/>TAKE 1 TABLET BY MOUTH TO SLOW BLOOD LOSS.<br/><color rgba='150,155,160,255'>NOTE: Does not replace a bandage or tourniquet.</color>","","","","","","","","","","","","",
"STR_LLGMED_PILL_IROVIT_DESC","<color rgba='222,226,230,255'>IROVIT (FERROUS SULFATE) 325 MG · ORAL TABLET</color><br/>TAKE 1 TABLET BY MOUTH TO REBUILD LOST BLOOD.<br/><color rgba='240,173,78,255'>CAUTION: May cause nausea. Take with food.</color>","<color rgba='222,226,230,255'>IROVIT (FERROUS SULFATE) 325 MG · ORAL TABLET</color><br/>TAKE 1 TABLET BY MOUTH TO REBUILD LOST BLOOD.<br/><color rgba='240,173,78,255'>CAUTION: May cause nausea. Take with food.</color>","","","","","","","","","","","","",
"STR_LLGMED_PILL_MAGNESIUMSULFATE_DESC","<color rgba='222,226,230,255'>MAGNESIUM SULFATE 500 MG · ORAL CAPSULE</color><br/>TAKE 1 CAPSULE BY MOUTH TO REBUILD LOST BLOOD.<br/><color rgba='240,173,78,255'>CAUTION: May cause flushing and light-headedness.</color>","<color rgba='222,226,230,255'>MAGNESIUM SULFATE 500 MG · ORAL CAPSULE</color><br/>TAKE 1 CAPSULE BY MOUTH TO REBUILD LOST BLOOD.<br/><color rgba='240,173,78,255'>CAUTION: May cause flushing and light-headedness.</color>","","","","","","","","","","","","",
"STR_LLGMED_PILL_ADEPRESS_DESC","<color rgba='222,226,230,255'>ADEPRESS (PAROXETINE) 20 MG · ORAL CAPSULE · RX ONLY</color><br/>TAKE 1 CAPSULE BY MOUTH TO STEADY MOOD AND NERVES.<br/><color rgba='150,155,160,255'>NOTE: May cause drowsiness. Do not take with alcohol.</color>","<color rgba='222,226,230,255'>ADEPRESS (PAROXETINE) 20 MG · ORAL CAPSULE · RX ONLY</color><br/>TAKE 1 CAPSULE BY MOUTH TO STEADY MOOD AND NERVES.<br/><color rgba='150,155,160,255'>NOTE: May cause drowsiness. Do not take with alcohol.</color>","","","","","","","","","","","","",
"STR_LLGMED_PILL_AGTEMINOL_DESC","<color rgba='222,226,230,255'>AGTEMINOL 25 MG · ORAL TABLET · RX ONLY</color><br/>TAKE 1 TABLET BY MOUTH TO CALM NERVES.<br/><color rgba='150,155,160,255'>NOTE: May cause mild drowsiness.</color>","<color rgba='222,226,230,255'>AGTEMINOL 25 MG · ORAL TABLET · RX ONLY</color><br/>TAKE 1 TABLET BY MOUTH TO CALM NERVES.<br/><color rgba='150,155,160,255'>NOTE: May cause mild drowsiness.</color>","","","","","","","","","","","","",
"STR_LLGMED_PILL_VENLAFAXINE_DESC","<color rgba='222,226,230,255'>VENLAFAXINE 75 MG · ORAL TABLET · RX ONLY</color><br/>TAKE 1 TABLET BY MOUTH TO STEADY MOOD.<br/><color rgba='240,173,78,255'>CAUTION: Do not stop suddenly after repeated use.</color>","<color rgba='222,226,230,255'>VENLAFAXINE 75 MG · ORAL TABLET · RX ONLY</color><br/>TAKE 1 TABLET BY MOUTH TO STEADY MOOD.<br/><color rgba='240,173,78,255'>CAUTION: Do not stop suddenly after repeated use.</color>","","","","","","","","","","","","",
"STR_LLGMED_PILL_ROMBIOPENTAL_DESC","<color rgba='222,226,230,255'>ROMBIOPENTAL 100 MG · ORAL CAPSULE · RX ONLY</color><br/>TAKE 1 CAPSULE BY MOUTH BEFORE ENTERING CONTAMINATED AIR.<br/><color rgba='150,155,160,255'>NOTE: Protective window is under one minute.</color>","<color rgba='222,226,230,255'>ROMBIOPENTAL 100 MG · ORAL CAPSULE · RX ONLY</color><br/>TAKE 1 CAPSULE BY MOUTH BEFORE ENTERING CONTAMINATED AIR.<br/><color rgba='150,155,160,255'>NOTE: Protective window is under one minute.</color>","","","","","","","","","","","","",
"STR_LLGMED_PILL_B190_DESC","<color rgba='222,226,230,255'>INDRALIN (B-190) 150 MG · ORAL CAPSULE · RX ONLY</color><br/>TAKE 1 CAPSULE BY MOUTH BEFORE ENTERING A RADIATION ZONE.<br/><color rgba='240,173,78,255'>CAUTION: Preventive only. Does nothing once exposed.</color>","<color rgba='222,226,230,255'>INDRALIN (B-190) 150 MG · ORAL CAPSULE · RX ONLY</color><br/>TAKE 1 CAPSULE BY MOUTH BEFORE ENTERING A RADIATION ZONE.<br/><color rgba='240,173,78,255'>CAUTION: Preventive only. Does nothing once exposed.</color>","","","","","","","","","","","","",
"STR_LLGMED_PILL_POTASSIUMIODIDE_DESC","<color rgba='222,226,230,255'>POTASSIUM IODIDE 130 MG · ORAL TABLET</color><br/>TAKE 1 TABLET BY MOUTH BEFORE ENTERING A RADIATION ZONE.<br/><color rgba='150,155,160,255'>NOTE: Protects the thyroid only. Short duration.</color>","<color rgba='222,226,230,255'>POTASSIUM IODIDE 130 MG · ORAL TABLET</color><br/>TAKE 1 TABLET BY MOUTH BEFORE ENTERING A RADIATION ZONE.<br/><color rgba='150,155,160,255'>NOTE: Protects the thyroid only. Short duration.</color>","","","","","","","","","","","","",
"STR_LLGMED_PILL_HEXACYANOFERRATE_DESC","<color rgba='222,226,230,255'>FERRIC HEXACYANOFERRATE 500 MG · ORAL TABLET · RX ONLY</color><br/>TAKE 1 TABLET BY MOUTH AFTER RADIOACTIVE CONTAMINATION.<br/><color rgba='240,173,78,255'>CAUTION: Binds fallout in the gut. Not a cure.</color>","<color rgba='222,226,230,255'>FERRIC HEXACYANOFERRATE 500 MG · ORAL TABLET · RX ONLY</color><br/>TAKE 1 TABLET BY MOUTH AFTER RADIOACTIVE CONTAMINATION.<br/><color rgba='240,173,78,255'>CAUTION: Binds fallout in the gut. Not a cure.</color>","","","","","","","","","","","","",
"STR_LLGMED_PILL_MEXAMINE_DESC","<color rgba='222,226,230,255'>MEXAMINE 50 MG · ORAL TABLET · RX ONLY</color><br/>TAKE 1 TABLET BY MOUTH IMMEDIATELY BEFORE HEAVY RADIATION EXPOSURE.<br/><color rgba='240,173,78,255'>WARNING: Very strong and very brief. High overdose risk.</color>","<color rgba='222,226,230,255'>MEXAMINE 50 MG · ORAL TABLET · RX ONLY</color><br/>TAKE 1 TABLET BY MOUTH IMMEDIATELY BEFORE HEAVY RADIATION EXPOSURE.<br/><color rgba='240,173,78,255'>WARNING: Very strong and very brief. High overdose risk.</color>","","","","","","","","","","","","",
"STR_LLGMED_PILL_IVERSAN_DESC","<color rgba='222,226,230,255'>IVERSAN 12 MG · ORAL TABLET · CONTROLLED POISON</color><br/>UNLICENSED FORMULATION. NOT FIT FOR HUMAN USE.<br/><color rgba='217,83,79,255'>WARNING: Swallowing causes severe poisoning.</color>","<color rgba='222,226,230,255'>IVERSAN 12 MG · ORAL TABLET · CONTROLLED POISON</color><br/>UNLICENSED FORMULATION. NOT FIT FOR HUMAN USE.<br/><color rgba='217,83,79,255'>WARNING: Swallowing causes severe poisoning.</color>","","","","","","","","","","","","",
"STR_LLGMED_PILL_ARSENIC_DESC","<color rgba='222,226,230,255'>ARSENIC TRIOXIDE 200 MG · ORAL TABLET · CONTROLLED POISON</color><br/>NOT A MEDICINE. DO NOT SWALLOW.<br/><color rgba='217,83,79,255'>DANGER: Poison. Causes fatal organ failure.</color>","<color rgba='222,226,230,255'>ARSENIC TRIOXIDE 200 MG · ORAL TABLET · CONTROLLED POISON</color><br/>NOT A MEDICINE. DO NOT SWALLOW.<br/><color rgba='217,83,79,255'>DANGER: Poison. Causes fatal organ failure.</color>","","","","","","","","","","","","",
"STR_LLGMED_PILL_POTASSIUMCYANIDE_DESC","<color rgba='222,226,230,255'>POTASSIUM CYANIDE 300 MG · ORAL TABLET · CONTROLLED POISON</color><br/>NOT A MEDICINE. DO NOT SWALLOW.<br/><color rgba='217,83,79,255'>DANGER: Poison. Death follows within seconds.</color>","<color rgba='222,226,230,255'>POTASSIUM CYANIDE 300 MG · ORAL TABLET · CONTROLLED POISON</color><br/>NOT A MEDICINE. DO NOT SWALLOW.<br/><color rgba='217,83,79,255'>DANGER: Poison. Death follows within seconds.</color>","","","","","","","","","","","","",
"STR_LLGMED_PAINKILLERTABLETS_DESC","<color rgba='222,226,230,255'>CODEINE PHOSPHATE 30 MG · ORAL CAPSULE · RX ONLY</color><br/>TAKE 1 CAPSULE BY MOUTH FOR PAIN.<br/><color rgba='150,155,160,255'>NOTE: May cause drowsiness. Habit forming.</color>","<color rgba='222,226,230,255'>CODEINE PHOSPHATE 30 MG · ORAL CAPSULE · RX ONLY</color><br/>TAKE 1 CAPSULE BY MOUTH FOR PAIN.<br/><color rgba='150,155,160,255'>NOTE: May cause drowsiness. Habit forming.</color>","","","","","","","","","","","","",
"STR_LLGMED_TETRACYCLINEANTIBIOTICS_DESC","<color rgba='222,226,230,255'>TETRACYCLINE 250 MG · ORAL CAPSULE · RX ONLY</color><br/>TAKE 1 CAPSULE BY MOUTH FOR INFECTION.<br/><color rgba='240,173,78,255'>CAUTION: Avoid dairy. Finish the course.</color>","<color rgba='222,226,230,255'>TETRACYCLINE 250 MG · ORAL CAPSULE · RX ONLY</color><br/>TAKE 1 CAPSULE BY MOUTH FOR INFECTION.<br/><color rgba='240,173,78,255'>CAUTION: Avoid dairy. Finish the course.</color>","","","","","","","","","","","","",
"STR_LLGMED_CHARCOALTABLETS_DESC","<color rgba='222,226,230,255'>ACTIVATED CHARCOAL 500 MG · ORAL TABLET</color><br/>TAKE 1 TABLET BY MOUTH AFTER SWALLOWING SPOILED FOOD.<br/><color rgba='150,155,160,255'>Works only on recent poisoning.</color>","<color rgba='222,226,230,255'>ACTIVATED CHARCOAL 500 MG · ORAL TABLET</color><br/>TAKE 1 TABLET BY MOUTH AFTER SWALLOWING SPOILED FOOD.<br/><color rgba='150,155,160,255'>Works only on recent poisoning.</color>","","","","","","","","","","","","",
"STR_LLGMED_CHELATINGTABLETS_DESC","<color rgba='222,226,230,255'>CHELATION TABLETS (DMSA) 200 MG · ORAL TABLET · RX ONLY</color><br/>TAKE 1 TABLET BY MOUTH FOR HEAVY-METAL OR CHEMICAL POISONING.<br/><color rgba='240,173,78,255'>WARNING: Strong binder. Depletes minerals with repeat use.</color>","<color rgba='222,226,230,255'>CHELATION TABLETS (DMSA) 200 MG · ORAL TABLET · RX ONLY</color><br/>TAKE 1 TABLET BY MOUTH FOR HEAVY-METAL OR CHEMICAL POISONING.<br/><color rgba='240,173,78,255'>WARNING: Strong binder. Depletes minerals with repeat use.</color>","","","","","","","","","","","","",
"STR_LLGMED_VITAMINBOTTLE_DESC","<color rgba='222,226,230,255'>MULTIVITAMIN COMPLEX · ORAL TABLET</color><br/>TAKE 1 TABLET BY MOUTH DAILY TO SUPPORT IMMUNITY.<br/><color rgba='150,155,160,255'>Dietary supplement. Not a medicine.</color>","<color rgba='222,226,230,255'>MULTIVITAMIN COMPLEX · ORAL TABLET</color><br/>TAKE 1 TABLET BY MOUTH DAILY TO SUPPORT IMMUNITY.<br/><color rgba='150,155,160,255'>Dietary supplement. Not a medicine.</color>","","","","","","","","","","","","",
"STR_LLGMED_PURIFICATIONTABLETS_DESC","<color rgba='222,226,230,255'>WATER PURIFICATION TABLETS 8.5 MG · ORAL TABLET</color><br/>ADD 1 TABLET TO ONE LITRE OF WATER AND WAIT 30 MINUTES.<br/><color rgba='150,155,160,255'>NOTE: For water treatment only. Do not swallow dry.</color>","<color rgba='222,226,230,255'>WATER PURIFICATION TABLETS 8.5 MG · ORAL TABLET</color><br/>ADD 1 TABLET TO ONE LITRE OF WATER AND WAIT 30 MINUTES.<br/><color rgba='150,155,160,255'>NOTE: For water treatment only. Do not swallow dry.</color>","","","","","","","","","","","","",
"STR_LLGMED_AMP_ALCOHOL_DESC","<color rgba='222,226,230,255'>MEDICAL ALCOHOL 96% · INJECTION AMPOULE</color><br/>FOR CLEANING WOUNDS AND INSTRUMENTS. EXTERNAL USE ONLY.<br/><color rgba='217,83,79,255'>DANGER: Never inject. Injection is fatal.</color>","<color rgba='222,226,230,255'>MEDICAL ALCOHOL 96% · INJECTION AMPOULE</color><br/>FOR CLEANING WOUNDS AND INSTRUMENTS. EXTERNAL USE ONLY.<br/><color rgba='217,83,79,255'>DANGER: Never inject. Injection is fatal.</color>","","","","","","","","","","","","",
"STR_LLGMED_AMP_AMOXIVAN_DESC","<color rgba='222,226,230,255'>AMOXIVAN (AMOXICILLIN) 1 G · INJECTION AMPOULE · RX ONLY</color><br/>DRAW WITH A STERILE SYRINGE AND INJECT FOR CHEST INFECTION.<br/><color rgba='240,173,78,255'>CAUTION: Full-strength antibiotic. Space doses apart.</color>","<color rgba='222,226,230,255'>AMOXIVAN (AMOXICILLIN) 1 G · INJECTION AMPOULE · RX ONLY</color><br/>DRAW WITH A STERILE SYRINGE AND INJECT FOR CHEST INFECTION.<br/><color rgba='240,173,78,255'>CAUTION: Full-strength antibiotic. Space doses apart.</color>","","","","","","","","","","","","",
"STR_LLGMED_AMP_KETAROL_DESC","<color rgba='222,226,230,255'>KETAROL (KETOROLAC) 30 MG · INJECTION AMPOULE · RX ONLY</color><br/>DRAW WITH A STERILE SYRINGE AND INJECT FOR INFECTION ACCOMPANIED BY PAIN.<br/><color rgba='240,173,78,255'>WARNING: Long acting. Do not stack with other painkillers.</color>","<color rgba='222,226,230,255'>KETAROL (KETOROLAC) 30 MG · INJECTION AMPOULE · RX ONLY</color><br/>DRAW WITH A STERILE SYRINGE AND INJECT FOR INFECTION ACCOMPANIED BY PAIN.<br/><color rgba='240,173,78,255'>WARNING: Long acting. Do not stack with other painkillers.</color>","","","","","","","","","","","","",
"STR_LLGMED_AMP_FLEMOCLAV_DESC","<color rgba='222,226,230,255'>FLEMOCLAV 1.2 G · INJECTION AMPOULE · RX ONLY</color><br/>DRAW WITH A STERILE SYRINGE AND INJECT FOR SEVERE INFECTION AND SEPSIS.<br/><color rgba='240,173,78,255'>WARNING: Maximum-strength antibiotic. Clinical use.</color>","<color rgba='222,226,230,255'>FLEMOCLAV 1.2 G · INJECTION AMPOULE · RX ONLY</color><br/>DRAW WITH A STERILE SYRINGE AND INJECT FOR SEVERE INFECTION AND SEPSIS.<br/><color rgba='240,173,78,255'>WARNING: Maximum-strength antibiotic. Clinical use.</color>","","","","","","","","","","","","",
"STR_LLGMED_AMP_IMIPENEM_DESC","<color rgba='222,226,230,255'>IMIPENEM 500 MG · INJECTION AMPOULE · RX ONLY</color><br/>DRAW WITH A STERILE SYRINGE AND INJECT FOR SEVERE INFECTION AND SEPSIS.<br/><color rgba='240,173,78,255'>WARNING: Last-line antibiotic. Reserve for sepsis.</color>","<color rgba='222,226,230,255'>IMIPENEM 500 MG · INJECTION AMPOULE · RX ONLY</color><br/>DRAW WITH A STERILE SYRINGE AND INJECT FOR SEVERE INFECTION AND SEPSIS.<br/><color rgba='240,173,78,255'>WARNING: Last-line antibiotic. Reserve for sepsis.</color>","","","","","","","","","","","","",
"STR_LLGMED_AMP_NOVACAINE_DESC","<color rgba='222,226,230,255'>NOVOCAINE (PROCAINE) 2% · INJECTION AMPOULE · RX ONLY</color><br/>DRAW WITH A STERILE SYRINGE AND INJECT FOR MODERATE PAIN.<br/><color rgba='240,173,78,255'>CAUTION: May cause numbness and light-headedness.</color>","<color rgba='222,226,230,255'>NOVOCAINE (PROCAINE) 2% · INJECTION AMPOULE · RX ONLY</color><br/>DRAW WITH A STERILE SYRINGE AND INJECT FOR MODERATE PAIN.<br/><color rgba='240,173,78,255'>CAUTION: May cause numbness and light-headedness.</color>","","","","","","","","","","","","",
"STR_LLGMED_AMP_MORPHINE_DESC","<color rgba='222,226,230,255'>MORPHINE SULFATE 10 MG/ML · INJECTION AMPOULE · RX ONLY</color><br/>DRAW WITH A STERILE SYRINGE AND INJECT FOR SEVERE PAIN.<br/><color rgba='240,173,78,255'>WARNING: Slows breathing. Habit forming.</color>","<color rgba='222,226,230,255'>MORPHINE SULFATE 10 MG/ML · INJECTION AMPOULE · RX ONLY</color><br/>DRAW WITH A STERILE SYRINGE AND INJECT FOR SEVERE PAIN.<br/><color rgba='240,173,78,255'>WARNING: Slows breathing. Habit forming.</color>","","","","","","","","","","","","",
"STR_LLGMED_AMP_GEXOBARBITAL_DESC","<color rgba='222,226,230,255'>HEXOBARBITAL 500 MG · INJECTION AMPOULE · RX ONLY</color><br/>DRAW WITH A STERILE SYRINGE AND INJECT FOR SEVERE PAIN WITH SEDATION.<br/><color rgba='240,173,78,255'>WARNING: Heavy sedation. Never combine with alcohol.</color>","<color rgba='222,226,230,255'>HEXOBARBITAL 500 MG · INJECTION AMPOULE · RX ONLY</color><br/>DRAW WITH A STERILE SYRINGE AND INJECT FOR SEVERE PAIN WITH SEDATION.<br/><color rgba='240,173,78,255'>WARNING: Heavy sedation. Never combine with alcohol.</color>","","","","","","","","","","","","",
"STR_LLGMED_AMP_KETAMIN_DESC","<color rgba='222,226,230,255'>KETAMINE 500 MG / 10 ML · INJECTION AMPOULE · RX ONLY</color><br/>DRAW WITH A STERILE SYRINGE AND INJECT FOR SEVERE PAIN WHEN NOTHING ELSE WORKS.<br/><color rgba='240,173,78,255'>CAUTION: Causes dissociation and confusion.</color>","<color rgba='222,226,230,255'>KETAMINE 500 MG / 10 ML · INJECTION AMPOULE · RX ONLY</color><br/>DRAW WITH A STERILE SYRINGE AND INJECT FOR SEVERE PAIN WHEN NOTHING ELSE WORKS.<br/><color rgba='240,173,78,255'>CAUTION: Causes dissociation and confusion.</color>","","","","","","","","","","","","",
"STR_LLGMED_AMP_METOCLOPRAMID_DESC","<color rgba='222,226,230,255'>METOCLOPRAMIDE 10 MG · INJECTION AMPOULE · RX ONLY</color><br/>DRAW WITH A STERILE SYRINGE AND INJECT FOR SEVERE NAUSEA AND VOMITING.<br/><color rgba='240,173,78,255'>CAUTION: May cause restlessness and muscle stiffness.</color>","<color rgba='222,226,230,255'>METOCLOPRAMIDE 10 MG · INJECTION AMPOULE · RX ONLY</color><br/>DRAW WITH A STERILE SYRINGE AND INJECT FOR SEVERE NAUSEA AND VOMITING.<br/><color rgba='240,173,78,255'>CAUTION: May cause restlessness and muscle stiffness.</color>","","","","","","","","","","","","",
"STR_LLGMED_AMP_HEPTRAL_DESC","<color rgba='222,226,230,255'>HEPTRAL (ADEMETIONINE) 400 MG · INJECTION AMPOULE · RX ONLY</color><br/>DRAW WITH A STERILE SYRINGE AND INJECT FOR LIVER DAMAGE CAUSED BY POISONING.<br/><color rgba='240,173,78,255'>WARNING: Maximum strength. Space doses widely.</color>","<color rgba='222,226,230,255'>HEPTRAL (ADEMETIONINE) 400 MG · INJECTION AMPOULE · RX ONLY</color><br/>DRAW WITH A STERILE SYRINGE AND INJECT FOR LIVER DAMAGE CAUSED BY POISONING.<br/><color rgba='240,173,78,255'>WARNING: Maximum strength. Space doses widely.</color>","","","","","","","","","","","","",
"STR_LLGMED_AMP_NEIROX_DESC","<color rgba='222,226,230,255'>NEIROX 250 MG · INJECTION AMPOULE · RX ONLY</color><br/>DRAW WITH A STERILE SYRINGE AND INJECT FOR CONCUSSION AND HEAD INJURY.<br/><color rgba='240,173,78,255'>WARNING: Cerebral stimulant. Do not redose quickly.</color>","<color rgba='222,226,230,255'>NEIROX 250 MG · INJECTION AMPOULE · RX ONLY</color><br/>DRAW WITH A STERILE SYRINGE AND INJECT FOR CONCUSSION AND HEAD INJURY.<br/><color rgba='240,173,78,255'>WARNING: Cerebral stimulant. Do not redose quickly.</color>","","","","","","","","","","","","",
"STR_LLGMED_AMP_ERYTHROPOETIN_DESC","<color rgba='222,226,230,255'>ERYTHROPOIETIN 4000 IU · INJECTION AMPOULE · RX ONLY</color><br/>DRAW WITH A STERILE SYRINGE AND INJECT TO REBUILD BLOOD OVER TIME.<br/><color rgba='240,173,78,255'>CAUTION: Slow acting. Thickens the blood if overused.</color>","<color rgba='222,226,230,255'>ERYTHROPOIETIN 4000 IU · INJECTION AMPOULE · RX ONLY</color><br/>DRAW WITH A STERILE SYRINGE AND INJECT TO REBUILD BLOOD OVER TIME.<br/><color rgba='240,173,78,255'>CAUTION: Slow acting. Thickens the blood if overused.</color>","","","","","","","","","","","","",
"STR_LLGMED_AMP_ADRENALIN_DESC","<color rgba='222,226,230,255'>ADRENALINE (EPINEPHRINE) 1 MG/ML · INJECTION AMPOULE · RX ONLY</color><br/>DRAW WITH A STERILE SYRINGE AND INJECT TO FIGHT SHOCK AND RESTORE ALERTNESS.<br/><color rgba='240,173,78,255'>CAUTION: Raises heart rate sharply. Emergency use only.</color>","<color rgba='222,226,230,255'>ADRENALINE (EPINEPHRINE) 1 MG/ML · INJECTION AMPOULE · RX ONLY</color><br/>DRAW WITH A STERILE SYRINGE AND INJECT TO FIGHT SHOCK AND RESTORE ALERTNESS.<br/><color rgba='240,173,78,255'>CAUTION: Raises heart rate sharply. Emergency use only.</color>","","","","","","","","","","","","",
"STR_LLGMED_AMP_METRALINDOLE_DESC","<color rgba='222,226,230,255'>METRALINDOLE 25 MG · INJECTION AMPOULE · RX ONLY</color><br/>DRAW WITH A STERILE SYRINGE AND INJECT TO STEADY MOOD AND NERVES.<br/><color rgba='150,155,160,255'>NOTE: Mild sedation. Very low overdose risk.</color>","<color rgba='222,226,230,255'>METRALINDOLE 25 MG · INJECTION AMPOULE · RX ONLY</color><br/>DRAW WITH A STERILE SYRINGE AND INJECT TO STEADY MOOD AND NERVES.<br/><color rgba='150,155,160,255'>NOTE: Mild sedation. Very low overdose risk.</color>","","","","","","","","","","","","",
"STR_LLGMED_AMP_ACTAPAROXETINE_DESC","<color rgba='222,226,230,255'>ACTAPAROXETINE 40 MG · INJECTION AMPOULE · RX ONLY</color><br/>DRAW WITH A STERILE SYRINGE AND INJECT FOR SEVERE ANXIETY AND PANIC.<br/><color rgba='240,173,78,255'>CAUTION: May cause drowsiness for several minutes.</color>","<color rgba='222,226,230,255'>ACTAPAROXETINE 40 MG · INJECTION AMPOULE · RX ONLY</color><br/>DRAW WITH A STERILE SYRINGE AND INJECT FOR SEVERE ANXIETY AND PANIC.<br/><color rgba='240,173,78,255'>CAUTION: May cause drowsiness for several minutes.</color>","","","","","","","","","","","","",
"STR_LLGMED_AMP_AMITRIPTYLINE_DESC","<color rgba='222,226,230,255'>AMITRIPTYLINE 50 MG · INJECTION AMPOULE · RX ONLY</color><br/>DRAW WITH A STERILE SYRINGE AND INJECT FOR A SEVERE MENTAL BREAKDOWN.<br/><color rgba='240,173,78,255'>WARNING: Heavy sedation. Do not drive after use.</color>","<color rgba='222,226,230,255'>AMITRIPTYLINE 50 MG · INJECTION AMPOULE · RX ONLY</color><br/>DRAW WITH A STERILE SYRINGE AND INJECT FOR A SEVERE MENTAL BREAKDOWN.<br/><color rgba='240,173,78,255'>WARNING: Heavy sedation. Do not drive after use.</color>","","","","","","","","","","","","",
"STR_LLGMED_AMP_VAXICAM_DESC","<color rgba='222,226,230,255'>VAXICAM INFLUENZA VACCINE 0.5 ML · INJECTION AMPOULE · RX ONLY</color><br/>DRAW WITH A STERILE SYRINGE AND INJECT BEFORE EXPOSURE TO PREVENT COLD AND PNEUMONIA.<br/><color rgba='240,173,78,255'>WARNING: Preventive only. Does nothing once ill.</color>","<color rgba='222,226,230,255'>VAXICAM INFLUENZA VACCINE 0.5 ML · INJECTION AMPOULE · RX ONLY</color><br/>DRAW WITH A STERILE SYRINGE AND INJECT BEFORE EXPOSURE TO PREVENT COLD AND PNEUMONIA.<br/><color rgba='240,173,78,255'>WARNING: Preventive only. Does nothing once ill.</color>","","","","","","","","","","","","",
"STR_LLGMED_AMP_ZERIVAX_DESC","<color rgba='222,226,230,255'>ZERIVAX Z-VIRUS VACCINE 0.5 ML · INJECTION AMPOULE · RX ONLY</color><br/>DRAW WITH A STERILE SYRINGE AND INJECT BEFORE EXPOSURE TO PREVENT Z-VIRUS INFECTION.<br/><color rgba='217,83,79,255'>WARNING: Preventive only. Severe reaction risk.</color>","<color rgba='222,226,230,255'>ZERIVAX Z-VIRUS VACCINE 0.5 ML · INJECTION AMPOULE · RX ONLY</color><br/>DRAW WITH A STERILE SYRINGE AND INJECT BEFORE EXPOSURE TO PREVENT Z-VIRUS INFECTION.<br/><color rgba='217,83,79,255'>WARNING: Preventive only. Severe reaction risk.</color>","","","","","","","","","","","","",
"STR_LLGMED_AMP_RABIVAX_DESC","<color rgba='222,226,230,255'>RABIVAX RABIES VACCINE 1 ML · INJECTION AMPOULE · RX ONLY</color><br/>DRAW WITH A STERILE SYRINGE AND INJECT BEFORE EXPOSURE TO PREVENT RABIES.<br/><color rgba='217,83,79,255'>WARNING: Preventive only. Useless once symptoms begin.</color>","<color rgba='222,226,230,255'>RABIVAX RABIES VACCINE 1 ML · INJECTION AMPOULE · RX ONLY</color><br/>DRAW WITH A STERILE SYRINGE AND INJECT BEFORE EXPOSURE TO PREVENT RABIES.<br/><color rgba='217,83,79,255'>WARNING: Preventive only. Useless once symptoms begin.</color>","","","","","","","","","","","","",
"STR_LLGMED_AMP_RABINOLINE_DESC","<color rgba='222,226,230,255'>RABINOLINE ANTISERUM 5 ML · INJECTION AMPOULE · RX ONLY</color><br/>DRAW WITH A STERILE SYRINGE AND INJECT AFTER AN ANIMAL BITE TO TREAT RABIES.<br/><color rgba='240,173,78,255'>WARNING: Give early. Serum reaction possible.</color>","<color rgba='222,226,230,255'>RABINOLINE ANTISERUM 5 ML · INJECTION AMPOULE · RX ONLY</color><br/>DRAW WITH A STERILE SYRINGE AND INJECT AFTER AN ANIMAL BITE TO TREAT RABIES.<br/><color rgba='240,173,78,255'>WARNING: Give early. Serum reaction possible.</color>","","","","","","","","","","","","",
"STR_LLGMED_AMP_RIFAMPICYNE_DESC","<color rgba='222,226,230,255'>RIFAMPICIN 600 MG · INJECTION AMPOULE · RX ONLY</color><br/>DRAW WITH A STERILE SYRINGE AND INJECT FOR ADVANCED RABIES.<br/><color rgba='217,83,79,255'>WARNING: Maximum strength. Very high overdose risk.</color>","<color rgba='222,226,230,255'>RIFAMPICIN 600 MG · INJECTION AMPOULE · RX ONLY</color><br/>DRAW WITH A STERILE SYRINGE AND INJECT FOR ADVANCED RABIES.<br/><color rgba='217,83,79,255'>WARNING: Maximum strength. Very high overdose risk.</color>","","","","","","","","","","","","",
"STR_LLGMED_AMP_ZIVIROL_DESC","<color rgba='222,226,230,255'>ZIVIROL Z-ANTIDOTE 10 ML · INJECTION AMPOULE · RX ONLY</color><br/>DRAW WITH A STERILE SYRINGE AND INJECT IMMEDIATELY AFTER Z-VIRUS INFECTION.<br/><color rgba='217,83,79,255'>DANGER: Costs blood and health. One dose only.</color>","<color rgba='222,226,230,255'>ZIVIROL Z-ANTIDOTE 10 ML · INJECTION AMPOULE · RX ONLY</color><br/>DRAW WITH A STERILE SYRINGE AND INJECT IMMEDIATELY AFTER Z-VIRUS INFECTION.<br/><color rgba='217,83,79,255'>DANGER: Costs blood and health. One dose only.</color>","","","","","","","","","","","","",
"STR_LLGMED_AMP_NEIROCETAL_DESC","<color rgba='222,226,230,255'>NEIROCETAL 200 MG · INJECTION AMPOULE · RX ONLY</color><br/>DRAW WITH A STERILE SYRINGE AND INJECT AFTER BREATHING TOXIC OR CHEMICAL AGENTS.<br/><color rgba='217,83,79,255'>WARNING: Narrow safety margin. One dose only.</color>","<color rgba='222,226,230,255'>NEIROCETAL 200 MG · INJECTION AMPOULE · RX ONLY</color><br/>DRAW WITH A STERILE SYRINGE AND INJECT AFTER BREATHING TOXIC OR CHEMICAL AGENTS.<br/><color rgba='217,83,79,255'>WARNING: Narrow safety margin. One dose only.</color>","","","","","","","","","","","","",
"STR_LLGMED_AMP_PENTACIN_DESC","<color rgba='222,226,230,255'>PENTACIN (CA-DTPA) 250 MG · INJECTION AMPOULE · RX ONLY</color><br/>DRAW WITH A STERILE SYRINGE AND INJECT AFTER HEAVY RADIOACTIVE CONTAMINATION.<br/><color rgba='240,173,78,255'>WARNING: Strips minerals from the body. Limit doses.</color>","<color rgba='222,226,230,255'>PENTACIN (CA-DTPA) 250 MG · INJECTION AMPOULE · RX ONLY</color><br/>DRAW WITH A STERILE SYRINGE AND INJECT AFTER HEAVY RADIOACTIVE CONTAMINATION.<br/><color rgba='240,173,78,255'>WARNING: Strips minerals from the body. Limit doses.</color>","","","","","","","","","","","","",
"STR_LLGMED_AMP_CARBOXYME_DESC","<color rgba='222,226,230,255'>CARBOXYME 300 MG · INJECTION AMPOULE · RX ONLY</color><br/>DRAW WITH A STERILE SYRINGE AND INJECT AFTER PROLONGED RADIATION EXPOSURE.<br/><color rgba='240,173,78,255'>WARNING: Long acting. Limit repeat doses.</color>","<color rgba='222,226,230,255'>CARBOXYME 300 MG · INJECTION AMPOULE · RX ONLY</color><br/>DRAW WITH A STERILE SYRINGE AND INJECT AFTER PROLONGED RADIATION EXPOSURE.<br/><color rgba='240,173,78,255'>WARNING: Long acting. Limit repeat doses.</color>","","","","","","","","","","","","",
"STR_LLGMED_AMP_BELADONNA_DESC","<color rgba='222,226,230,255'>BELLADONNA EXTRACT 1 ML · INJECTION AMPOULE · CONTROLLED POISON</color><br/>NOT A MEDICINE. DO NOT INJECT.<br/><color rgba='217,83,79,255'>DANGER: Poison. Causes delirium and collapse.</color>","<color rgba='222,226,230,255'>BELLADONNA EXTRACT 1 ML · INJECTION AMPOULE · CONTROLLED POISON</color><br/>NOT A MEDICINE. DO NOT INJECT.<br/><color rgba='217,83,79,255'>DANGER: Poison. Causes delirium and collapse.</color>","","","","","","","","","","","","",
"STR_LLGMED_AMP_STRYCHNINE_DESC","<color rgba='222,226,230,255'>STRYCHNINE 5 MG/ML · INJECTION AMPOULE · CONTROLLED POISON</color><br/>NOT A MEDICINE. DO NOT INJECT.<br/><color rgba='217,83,79,255'>DANGER: Poison. Causes violent convulsions.</color>","<color rgba='222,226,230,255'>STRYCHNINE 5 MG/ML · INJECTION AMPOULE · CONTROLLED POISON</color><br/>NOT A MEDICINE. DO NOT INJECT.<br/><color rgba='217,83,79,255'>DANGER: Poison. Causes violent convulsions.</color>","","","","","","","","","","","","",
"STR_LLGMED_AMP_KONYIN_DESC","<color rgba='222,226,230,255'>KONYIN (CONIINE) 2 ML · INJECTION AMPOULE · CONTROLLED POISON</color><br/>NOT A MEDICINE. DO NOT INJECT.<br/><color rgba='217,83,79,255'>DANGER: Poison. Causes paralysis and unconsciousness.</color>","<color rgba='222,226,230,255'>KONYIN (CONIINE) 2 ML · INJECTION AMPOULE · CONTROLLED POISON</color><br/>NOT A MEDICINE. DO NOT INJECT.<br/><color rgba='217,83,79,255'>DANGER: Poison. Causes paralysis and unconsciousness.</color>","","","","","","","","","","","","",
"STR_LLGMED_AMP_ARSENIC_DESC","<color rgba='222,226,230,255'>ARSENIC TRIOXIDE 10 MG/ML · INJECTION AMPOULE · CONTROLLED POISON</color><br/>NOT A MEDICINE. DO NOT INJECT.<br/><color rgba='217,83,79,255'>DANGER: Poison. Fatal multi-organ failure.</color>","<color rgba='222,226,230,255'>ARSENIC TRIOXIDE 10 MG/ML · INJECTION AMPOULE · CONTROLLED POISON</color><br/>NOT A MEDICINE. DO NOT INJECT.<br/><color rgba='217,83,79,255'>DANGER: Poison. Fatal multi-organ failure.</color>","","","","","","","","","","","","",
"STR_LLGMED_AMP_POTASSIUMCYANIDE_DESC","<color rgba='222,226,230,255'>POTASSIUM CYANIDE 300 MG/ML · INJECTION AMPOULE · CONTROLLED POISON</color><br/>NOT A MEDICINE. DO NOT INJECT.<br/><color rgba='217,83,79,255'>DANGER: Poison. Death follows within seconds.</color>","<color rgba='222,226,230,255'>POTASSIUM CYANIDE 300 MG/ML · INJECTION AMPOULE · CONTROLLED POISON</color><br/>NOT A MEDICINE. DO NOT INJECT.<br/><color rgba='217,83,79,255'>DANGER: Poison. Death follows within seconds.</color>","","","","","","","","","","","","",
"STR_LLGMED_INJ_PROMIDOL_DESC","<color rgba='222,226,230,255'>PROMIDOL 40 MG · SINGLE-USE AUTO-INJECTOR · RX ONLY</color><br/>PRESS FIRMLY AGAINST THE OUTER THIGH FOR SEVERE PAIN.<br/><color rgba='240,173,78,255'>CAUTION: Strong opioid. Habit forming.</color>","<color rgba='222,226,230,255'>PROMIDOL 40 MG · SINGLE-USE AUTO-INJECTOR · RX ONLY</color><br/>PRESS FIRMLY AGAINST THE OUTER THIGH FOR SEVERE PAIN.<br/><color rgba='240,173,78,255'>CAUTION: Strong opioid. Habit forming.</color>","","","","","","","","","","","","",
"STR_LLGMED_INJ_PROPITAL_DESC","<color rgba='222,226,230,255'>PROPITAL 100 MG · SINGLE-USE AUTO-INJECTOR · RX ONLY</color><br/>PRESS FIRMLY AGAINST THE OUTER THIGH FOR PAIN AND RAPID WOUND RECOVERY.<br/><color rgba='240,173,78,255'>WARNING: Combat stimulant. Habit forming.</color>","<color rgba='222,226,230,255'>PROPITAL 100 MG · SINGLE-USE AUTO-INJECTOR · RX ONLY</color><br/>PRESS FIRMLY AGAINST THE OUTER THIGH FOR PAIN AND RAPID WOUND RECOVERY.<br/><color rgba='240,173,78,255'>WARNING: Combat stimulant. Habit forming.</color>","","","","","","","","","","","","",
"STR_LLGMED_INJ_REANIMATAL_DESC","<color rgba='222,226,230,255'>REANIMATAL 200 MG · SINGLE-USE AUTO-INJECTOR · RX ONLY</color><br/>PRESS FIRMLY AGAINST THE OUTER THIGH TO REVIVE A COLLAPSING CASUALTY.<br/><color rgba='217,83,79,255'>WARNING: Buys minutes only. Very high overdose risk.</color>","<color rgba='222,226,230,255'>REANIMATAL 200 MG · SINGLE-USE AUTO-INJECTOR · RX ONLY</color><br/>PRESS FIRMLY AGAINST THE OUTER THIGH TO REVIVE A COLLAPSING CASUALTY.<br/><color rgba='217,83,79,255'>WARNING: Buys minutes only. Very high overdose risk.</color>","","","","","","","","","","","","",
"STR_LLGMED_INJ_AMOXICLAV_DESC","<color rgba='222,226,230,255'>AMOXICILLIN / CLAVULANATE 1.2 G · SINGLE-USE AUTO-INJECTOR · RX ONLY</color><br/>PRESS FIRMLY AGAINST THE OUTER THIGH FOR SEVERE INFECTION AND SEPSIS.<br/><color rgba='240,173,78,255'>WARNING: Longest-acting antibiotic carried. Do not stack.</color>","<color rgba='222,226,230,255'>AMOXICILLIN / CLAVULANATE 1.2 G · SINGLE-USE AUTO-INJECTOR · RX ONLY</color><br/>PRESS FIRMLY AGAINST THE OUTER THIGH FOR SEVERE INFECTION AND SEPSIS.<br/><color rgba='240,173,78,255'>WARNING: Longest-acting antibiotic carried. Do not stack.</color>","","","","","","","","","","","","",
"STR_LLGMED_INJ_TOPOIZOMERAZA_DESC","<color rgba='222,226,230,255'>TOPOISOMERASE 400 MG · SINGLE-USE AUTO-INJECTOR · RX ONLY</color><br/>PRESS FIRMLY AGAINST THE OUTER THIGH FOR SEVERE INFECTION AND SEPSIS.<br/><color rgba='240,173,78,255'>WARNING: Broad spectrum. Reserve for sepsis.</color>","<color rgba='222,226,230,255'>TOPOISOMERASE 400 MG · SINGLE-USE AUTO-INJECTOR · RX ONLY</color><br/>PRESS FIRMLY AGAINST THE OUTER THIGH FOR SEVERE INFECTION AND SEPSIS.<br/><color rgba='240,173,78,255'>WARNING: Broad spectrum. Reserve for sepsis.</color>","","","","","","","","","","","","",
"STR_LLGMED_INJ_NEIROX_DESC","<color rgba='222,226,230,255'>NEIROX 250 MG · SINGLE-USE AUTO-INJECTOR · RX ONLY</color><br/>PRESS FIRMLY AGAINST THE OUTER THIGH FOR CONCUSSION AND HEAD INJURY.<br/><color rgba='240,173,78,255'>CAUTION: Cerebral stimulant. May cause jitters.</color>","<color rgba='222,226,230,255'>NEIROX 250 MG · SINGLE-USE AUTO-INJECTOR · RX ONLY</color><br/>PRESS FIRMLY AGAINST THE OUTER THIGH FOR CONCUSSION AND HEAD INJURY.<br/><color rgba='240,173,78,255'>CAUTION: Cerebral stimulant. May cause jitters.</color>","","","","","","","","","","","","",
"STR_LLGMED_INJ_ERYTROMIXELIN_DESC","<color rgba='222,226,230,255'>ERYTROMIXELIN 5 ML · SINGLE-USE AUTO-INJECTOR · RX ONLY</color><br/>PRESS FIRMLY AGAINST THE OUTER THIGH TO STOP HEAVY BLEEDING AND REBUILD BLOOD.<br/><color rgba='240,173,78,255'>CAUTION: Does not replace a bandage or tourniquet.</color>","<color rgba='222,226,230,255'>ERYTROMIXELIN 5 ML · SINGLE-USE AUTO-INJECTOR · RX ONLY</color><br/>PRESS FIRMLY AGAINST THE OUTER THIGH TO STOP HEAVY BLEEDING AND REBUILD BLOOD.<br/><color rgba='240,173,78,255'>CAUTION: Does not replace a bandage or tourniquet.</color>","","","","","","","","","","","","",
"STR_LLGMED_INJ_ERYTHROPOIETIN_DESC","<color rgba='222,226,230,255'>ERYTHROPOIETIN 4000 IU · SINGLE-USE AUTO-INJECTOR · RX ONLY</color><br/>PRESS FIRMLY AGAINST THE OUTER THIGH TO REBUILD BLOOD OVER TIME.<br/><color rgba='240,173,78,255'>CAUTION: Slow acting. Thickens the blood if overused.</color>","<color rgba='222,226,230,255'>ERYTHROPOIETIN 4000 IU · SINGLE-USE AUTO-INJECTOR · RX ONLY</color><br/>PRESS FIRMLY AGAINST THE OUTER THIGH TO REBUILD BLOOD OVER TIME.<br/><color rgba='240,173,78,255'>CAUTION: Slow acting. Thickens the blood if overused.</color>","","","","","","","","","","","","",
"STR_LLGMED_INJ_STOMAPROXIDAL_DESC","<color rgba='222,226,230,255'>STOMAPROXIDAL 250 MG · SINGLE-USE AUTO-INJECTOR · RX ONLY</color><br/>PRESS FIRMLY AGAINST THE OUTER THIGH FOR SEVERE POISONING AND VOMITING.<br/><color rgba='240,173,78,255'>WARNING: Maximum strength. One dose per incident.</color>","<color rgba='222,226,230,255'>STOMAPROXIDAL 250 MG · SINGLE-USE AUTO-INJECTOR · RX ONLY</color><br/>PRESS FIRMLY AGAINST THE OUTER THIGH FOR SEVERE POISONING AND VOMITING.<br/><color rgba='240,173,78,255'>WARNING: Maximum strength. One dose per incident.</color>","","","","","","","","","","","","",
"STR_LLGMED_INJ_RABINUCOLINE_DESC","<color rgba='222,226,230,255'>RABINUCOLINE ANTISERUM 5 ML · SINGLE-USE AUTO-INJECTOR · RX ONLY</color><br/>PRESS FIRMLY AGAINST THE OUTER THIGH AFTER AN ANIMAL BITE TO TREAT RABIES.<br/><color rgba='217,83,79,255'>WARNING: Maximum strength. Very high overdose risk.</color>","<color rgba='222,226,230,255'>RABINUCOLINE ANTISERUM 5 ML · SINGLE-USE AUTO-INJECTOR · RX ONLY</color><br/>PRESS FIRMLY AGAINST THE OUTER THIGH AFTER AN ANIMAL BITE TO TREAT RABIES.<br/><color rgba='217,83,79,255'>WARNING: Maximum strength. Very high overdose risk.</color>","","","","","","","","","","","","",
"STR_LLGMED_INJ_AMFITALICYNE_DESC","<color rgba='222,226,230,255'>AMFITALICYNE 60 MG · SINGLE-USE AUTO-INJECTOR · RX ONLY</color><br/>PRESS FIRMLY AGAINST THE OUTER THIGH FOR A SEVERE MENTAL BREAKDOWN.<br/><color rgba='240,173,78,255'>WARNING: Psychotropic. Heavy sedation possible.</color>","<color rgba='222,226,230,255'>AMFITALICYNE 60 MG · SINGLE-USE AUTO-INJECTOR · RX ONLY</color><br/>PRESS FIRMLY AGAINST THE OUTER THIGH FOR A SEVERE MENTAL BREAKDOWN.<br/><color rgba='240,173,78,255'>WARNING: Psychotropic. Heavy sedation possible.</color>","","","","","","","","","","","","",
"STR_LLGMED_INJ_ZIVIROL_DESC","<color rgba='222,226,230,255'>ZIVIROL Z-ANTIDOTE 10 ML · SINGLE-USE AUTO-INJECTOR · RX ONLY</color><br/>PRESS FIRMLY AGAINST THE OUTER THIGH IMMEDIATELY AFTER Z-VIRUS INFECTION.<br/><color rgba='217,83,79,255'>DANGER: Costs blood and health. One dose only.</color>","<color rgba='222,226,230,255'>ZIVIROL Z-ANTIDOTE 10 ML · SINGLE-USE AUTO-INJECTOR · RX ONLY</color><br/>PRESS FIRMLY AGAINST THE OUTER THIGH IMMEDIATELY AFTER Z-VIRUS INFECTION.<br/><color rgba='217,83,79,255'>DANGER: Costs blood and health. One dose only.</color>","","","","","","","","","","","","",
"STR_LLGMED_INJ_NOVICHEK_DESC","<color rgba='222,226,230,255'>NOVICHEK NERVE AGENT · SINGLE-USE AUTO-INJECTOR · CONTROLLED POISON</color><br/>NOT A MEDICINE. DO NOT USE.<br/><color rgba='217,83,79,255'>DANGER: Military nerve agent. Exposure is fatal.</color>","<color rgba='222,226,230,255'>NOVICHEK NERVE AGENT · SINGLE-USE AUTO-INJECTOR · CONTROLLED POISON</color><br/>NOT A MEDICINE. DO NOT USE.<br/><color rgba='217,83,79,255'>DANGER: Military nerve agent. Exposure is fatal.</color>","","","","","","","","","","","","",
"STR_LLGMED_MORPHINE_DESC","<color rgba='222,226,230,255'>MORPHINE 10 MG · SINGLE-USE AUTO-INJECTOR · RX ONLY</color><br/>PRESS FIRMLY AGAINST THE OUTER THIGH FOR SEVERE PAIN.<br/><color rgba='240,173,78,255'>WARNING: Slows breathing. Habit forming.</color>","<color rgba='222,226,230,255'>MORPHINE 10 MG · SINGLE-USE AUTO-INJECTOR · RX ONLY</color><br/>PRESS FIRMLY AGAINST THE OUTER THIGH FOR SEVERE PAIN.<br/><color rgba='240,173,78,255'>WARNING: Slows breathing. Habit forming.</color>","","","","","","","","","","","","",
"STR_LLGMED_EPINEPHRINE_DESC","<color rgba='222,226,230,255'>EPINEPHRINE 0.3 MG · SINGLE-USE AUTO-INJECTOR · RX ONLY</color><br/>PRESS FIRMLY AGAINST THE OUTER THIGH TO REVERSE SHOCK AND RESTORE ALERTNESS.<br/><color rgba='240,173,78,255'>WARNING: Raises heart rate sharply. One dose per episode.</color>","<color rgba='222,226,230,255'>EPINEPHRINE 0.3 MG · SINGLE-USE AUTO-INJECTOR · RX ONLY</color><br/>PRESS FIRMLY AGAINST THE OUTER THIGH TO REVERSE SHOCK AND RESTORE ALERTNESS.<br/><color rgba='240,173,78,255'>WARNING: Raises heart rate sharply. One dose per episode.</color>","","","","","","","","","","","","",
"STR_LLGMED_ANTICHEMINJECTOR_DESC","<color rgba='222,226,230,255'>NBC ANTIDOTE (ATROPINE / PRALIDOXIME) · SINGLE-USE AUTO-INJECTOR · RX ONLY</color><br/>PRESS FIRMLY AGAINST THE OUTER THIGH IMMEDIATELY AFTER CHEMICAL OR NERVE AGENT EXPOSURE.<br/><color rgba='217,83,79,255'>WARNING: Military issue. Very high overdose risk.</color>","<color rgba='222,226,230,255'>NBC ANTIDOTE (ATROPINE / PRALIDOXIME) · SINGLE-USE AUTO-INJECTOR · RX ONLY</color><br/>PRESS FIRMLY AGAINST THE OUTER THIGH IMMEDIATELY AFTER CHEMICAL OR NERVE AGENT EXPOSURE.<br/><color rgba='217,83,79,255'>WARNING: Military issue. Very high overdose risk.</color>","","","","","","","","","","","","",
"STR_LLGMED_INJ_ANTIRAD_DESC","<color rgba='222,226,230,255'>ANTI-RADIATION AGENT · SINGLE-USE AUTO-INJECTOR · RX ONLY</color><br/>PRESS FIRMLY AGAINST THE OUTER THIGH AFTER RADIATION EXPOSURE.<br/><color rgba='240,173,78,255'>CAUTION: One dose per exposure. Not a cure for burns.</color>","<color rgba='222,226,230,255'>ANTI-RADIATION AGENT · SINGLE-USE AUTO-INJECTOR · RX ONLY</color><br/>PRESS FIRMLY AGAINST THE OUTER THIGH AFTER RADIATION EXPOSURE.<br/><color rgba='240,173,78,255'>CAUTION: One dose per exposure. Not a cure for burns.</color>","","","","","","","","","","","","",
"STR_LLGMED_SALVE_VIPROSAL_DESC","<color rgba='222,226,230,255'>VIPROSAL (CAMPHOR / TURPENTINE) 30 G · TOPICAL OINTMENT, TUBE</color><br/>APPLY A THIN LAYER TO BRUISING AND RUB IN GENTLY.<br/><color rgba='150,155,160,255'>External use only. Longest acting of the three.</color>","<color rgba='222,226,230,255'>VIPROSAL (CAMPHOR / TURPENTINE) 30 G · TOPICAL OINTMENT, TUBE</color><br/>APPLY A THIN LAYER TO BRUISING AND RUB IN GENTLY.<br/><color rgba='150,155,160,255'>External use only. Longest acting of the three.</color>","","","","","","","","","","","","",
"STR_LLGMED_SALVE_CAPSICUM_DESC","<color rgba='222,226,230,255'>CAPSICUM OINTMENT 30 G · TOPICAL OINTMENT, TUBE</color><br/>APPLY A THIN LAYER TO BRUISING.<br/><color rgba='150,155,160,255'>External use only. Burns on broken skin.</color>","<color rgba='222,226,230,255'>CAPSICUM OINTMENT 30 G · TOPICAL OINTMENT, TUBE</color><br/>APPLY A THIN LAYER TO BRUISING.<br/><color rgba='150,155,160,255'>External use only. Burns on broken skin.</color>","","","","","","","","","","","","",
"STR_LLGMED_SALVE_FINALGON_DESC","<color rgba='222,226,230,255'>FINALGON (NONIVAMIDE) 20 G · TOPICAL OINTMENT, TUBE</color><br/>APPLY A SMALL AMOUNT TO BRUISING.<br/><color rgba='150,155,160,255'>External use only. Fast, short acting, strong burn.</color>","<color rgba='222,226,230,255'>FINALGON (NONIVAMIDE) 20 G · TOPICAL OINTMENT, TUBE</color><br/>APPLY A SMALL AMOUNT TO BRUISING.<br/><color rgba='150,155,160,255'>External use only. Fast, short acting, strong burn.</color>","","","","","","","","","","","","",
"STR_LLGMED_DRINK_YAGUAR_DESC","<color rgba='222,226,230,255'>YAGUAR ENERGY DRINK · 500 ML CAN</color><br/>DRINK TO FIGHT EXHAUSTION. STRONGEST FORMULA STOCKED.<br/><color rgba='150,155,160,255'>NOTE: Very high caffeine. Not a substitute for sleep.</color>","<color rgba='222,226,230,255'>YAGUAR ENERGY DRINK · 500 ML CAN</color><br/>DRINK TO FIGHT EXHAUSTION. STRONGEST FORMULA STOCKED.<br/><color rgba='150,155,160,255'>NOTE: Very high caffeine. Not a substitute for sleep.</color>","","","","","","","","","","","","",
"STR_LLGMED_DRINK_MADBULL_DESC","<color rgba='222,226,230,255'>MADBULL ENERGY DRINK · 500 ML CAN</color><br/>DRINK TO FIGHT EXHAUSTION AND STAY AWAKE.<br/><color rgba='150,155,160,255'>NOTE: High caffeine. Not a substitute for sleep.</color>","<color rgba='222,226,230,255'>MADBULL ENERGY DRINK · 500 ML CAN</color><br/>DRINK TO FIGHT EXHAUSTION AND STAY AWAKE.<br/><color rgba='150,155,160,255'>NOTE: High caffeine. Not a substitute for sleep.</color>","","","","","","","","","","","","",
"STR_LLGMED_DRINK_6ENERGY_DESC","<color rgba='222,226,230,255'>6ENERGY ENERGY DRINK · 500 ML CAN</color><br/>DRINK TO FIGHT EXHAUSTION AND STAY AWAKE.<br/><color rgba='150,155,160,255'>NOTE: High caffeine. Not a substitute for sleep.</color>","<color rgba='222,226,230,255'>6ENERGY ENERGY DRINK · 500 ML CAN</color><br/>DRINK TO FIGHT EXHAUSTION AND STAY AWAKE.<br/><color rgba='150,155,160,255'>NOTE: High caffeine. Not a substitute for sleep.</color>","","","","","","","","","","","","",
"STR_LLGMED_DRINK_GANG_DESC","<color rgba='222,226,230,255'>GANG ENERGY DRINK · 500 ML CAN</color><br/>DRINK TO FIGHT EXHAUSTION.<br/><color rgba='150,155,160,255'>NOTE: Moderate caffeine. Not a substitute for sleep.</color>","<color rgba='222,226,230,255'>GANG ENERGY DRINK · 500 ML CAN</color><br/>DRINK TO FIGHT EXHAUSTION.<br/><color rgba='150,155,160,255'>NOTE: Moderate caffeine. Not a substitute for sleep.</color>","","","","","","","","","","","","",
"STR_LLGMED_DRINK_PRAYBOY_DESC","<color rgba='222,226,230,255'>PRAYBOY ENERGY DRINK · 500 ML CAN</color><br/>DRINK TO TAKE THE EDGE OFF TIREDNESS.<br/><color rgba='150,155,160,255'>Mild formula. Not a substitute for sleep.</color>","<color rgba='222,226,230,255'>PRAYBOY ENERGY DRINK · 500 ML CAN</color><br/>DRINK TO TAKE THE EDGE OFF TIREDNESS.<br/><color rgba='150,155,160,255'>Mild formula. Not a substitute for sleep.</color>","","","","","","","","","","","","",
"STR_LLGMED_KIT_SURGTOOL_DESC","<color rgba='222,226,230,255'>SURGICAL INSTRUMENT SET · TRAY, REUSABLE</color><br/>USE TO REMOVE FRAGMENTS AND CLOSE DEEP WOUNDS.<br/><color rgba='150,155,160,255'>NOTE: Sterilise before every use.</color>","<color rgba='222,226,230,255'>SURGICAL INSTRUMENT SET · TRAY, REUSABLE</color><br/>USE TO REMOVE FRAGMENTS AND CLOSE DEEP WOUNDS.<br/><color rgba='150,155,160,255'>NOTE: Sterilise before every use.</color>","","","","","","","","","","","","",
"STR_LLGMED_KIT_SURGICAL_DESC","<color rgba='222,226,230,255'>FIELD SURGICAL KIT · SEALED POUCH, MULTI-USE</color><br/>USE TO REMOVE FRAGMENTS AND CLOSE DEEP WOUNDS.<br/><color rgba='150,155,160,255'>NOTE: Contents are single-use. Discard when spent.</color>","<color rgba='222,226,230,255'>FIELD SURGICAL KIT · SEALED POUCH, MULTI-USE</color><br/>USE TO REMOVE FRAGMENTS AND CLOSE DEEP WOUNDS.<br/><color rgba='150,155,160,255'>NOTE: Contents are single-use. Discard when spent.</color>","","","","","","","","","","","","",
"STR_LLGMED_KIT_IFAK_DESC","<color rgba='222,226,230,255'>IFAK · INDIVIDUAL FIRST AID KIT · SEALED POUCH, MULTI-USE</color><br/>USE TO TREAT YOUR OWN WOUNDS IN THE FIELD.<br/><color rgba='150,155,160,255'>NOTE: Refill after use. Contents are consumed.</color>","<color rgba='222,226,230,255'>IFAK · INDIVIDUAL FIRST AID KIT · SEALED POUCH, MULTI-USE</color><br/>USE TO TREAT YOUR OWN WOUNDS IN THE FIELD.<br/><color rgba='150,155,160,255'>NOTE: Refill after use. Contents are consumed.</color>","","","","","","","","","","","","",
"STR_LLGMED_KIT_AFAK_DESC","<color rgba='222,226,230,255'>AFAK · ADVANCED FIRST AID KIT · SEALED POUCH, MULTI-USE</color><br/>USE TO TREAT SERIOUS WOUNDS IN THE FIELD.<br/><color rgba='150,155,160,255'>NOTE: Refill after use. Contents are consumed.</color>","<color rgba='222,226,230,255'>AFAK · ADVANCED FIRST AID KIT · SEALED POUCH, MULTI-USE</color><br/>USE TO TREAT SERIOUS WOUNDS IN THE FIELD.<br/><color rgba='150,155,160,255'>NOTE: Refill after use. Contents are consumed.</color>","","","","","","","","","","","","",
